{
  "id": "3473891",
  "name": "WPF",
  "font_family": "iconfont",
  "css_prefix_text": "icon-",
  "description": "",
  "glyphs": [
    {
      "icon_id": "145479",
      "name": "添加",
      "font_class": "tianjia",
      "unicode": "e657",
      "unicode_decimal": 58967
    },
    {
      "icon_id": "201638",
      "name": "编辑",
      "font_class": "bianji",
      "unicode": "e600",
      "unicode_decimal": 58880
    },
    {
      "icon_id": "201646",
      "name": "3.1 设置",
      "font_class": "31shezhi",
      "unicode": "e601",
      "unicode_decimal": 58881
    },
    {
      "icon_id": "249476",
      "name": "编辑",
      "font_class": "bianji1",
      "unicode": "e602",
      "unicode_decimal": 58882
    },
    {
      "icon_id": "383686",
      "name": "实心",
      "font_class": "shixin",
      "unicode": "e635",
      "unicode_decimal": 58933
    },
    {
      "icon_id": "3538379",
      "name": "删除",
      "font_class": "shanchu",
      "unicode": "e718",
      "unicode_decimal": 59160
    },
    {
      "icon_id": "4942655",
      "name": "删除",
      "font_class": "shanchu1",
      "unicode": "e61a",
      "unicode_decimal": 58906
    },
    {
      "icon_id": "5387393",
      "name": "添加附件",
      "font_class": "tianjiafujian",
      "unicode": "eac4",
      "unicode_decimal": 60100
    },
    {
      "icon_id": "11036687",
      "name": "编辑表单@2x",
      "font_class": "bianjibiaodanx",
      "unicode": "e641",
      "unicode_decimal": 58945
    },
    {
      "icon_id": "8040222",
      "name": "ts-图标_kvm",
      "font_class": "ts-tubiao_kvm",
      "unicode": "e71e",
      "unicode_decimal": 59166
    },
    {
      "icon_id": "8312086",
      "name": "截图",
      "font_class": "jietu",
      "unicode": "e61f",
      "unicode_decimal": 58911
    },
    {
      "icon_id": "16852660",
      "name": "流程图",
      "font_class": "flowChart",
      "unicode": "e640",
      "unicode_decimal": 58944
    },
    {
      "icon_id": "1312448",
      "name": "icon_ram-memory",
      "font_class": "icon_ram-memory",
      "unicode": "e634",
      "unicode_decimal": 58932
    },
    {
      "icon_id": "8474229",
      "name": "cpu",
      "font_class": "cpu",
      "unicode": "e6b0",
      "unicode_decimal": 59056
    },
    {
      "icon_id": "655441",
      "name": "iconfont-zhishu",
      "font_class": "iconfontzhishu",
      "unicode": "e62a",
      "unicode_decimal": 58922
    },
    {
      "icon_id": "629357",
      "name": "搜索",
      "font_class": "sousuo",
      "unicode": "e651",
      "unicode_decimal": 58961
    },
    {
      "icon_id": "1299794",
      "name": "Maximize-1",
      "font_class": "3zuidahua-1",
      "unicode": "e65d",
      "unicode_decimal": 58973
    },
    {
      "icon_id": "4118038",
      "name": "关闭",
      "font_class": "guanbi1",
      "unicode": "eb6a",
      "unicode_decimal": 60266
    },
    {
      "icon_id": "6160694",
      "name": "最小化",
      "font_class": "zuixiaohua",
      "unicode": "e60e",
      "unicode_decimal": 58894
    },
    {
      "icon_id": "579551",
      "name": "刷新",
      "font_class": "shuaxin",
      "unicode": "e782",
      "unicode_decimal": 59266
    },
    {
      "icon_id": "1299763",
      "name": "Minimize-2",
      "font_class": "2zuixiaohua-2",
      "unicode": "e65c",
      "unicode_decimal": 58972
    },
    {
      "icon_id": "1306794",
      "name": "Maximize-3",
      "font_class": "3zuidahua-3",
      "unicode": "e692",
      "unicode_decimal": 59026
    },
    {
      "icon_id": "2674483",
      "name": "暂停",
      "font_class": "zanting",
      "unicode": "e629",
      "unicode_decimal": 58921
    },
    {
      "icon_id": "5387522",
      "name": "关闭",
      "font_class": "guanbi",
      "unicode": "eaf2",
      "unicode_decimal": 60146
    },
    {
      "icon_id": "5387615",
      "name": "选择器展开",
      "font_class": "xuanzeqizhankai",
      "unicode": "eb15",
      "unicode_decimal": 60181
    },
    {
      "icon_id": "7594045",
      "name": "24gl-pause",
      "font_class": "24gl-pause",
      "unicode": "ea6d",
      "unicode_decimal": 60013
    },
    {
      "icon_id": "7939948",
      "name": "继续播放",
      "font_class": "arrow-",
      "unicode": "e624",
      "unicode_decimal": 58916
    },
    {
      "icon_id": "17772904",
      "name": "继续共享",
      "font_class": "jixugongxiang",
      "unicode": "e631",
      "unicode_decimal": 58929
    },
    {
      "icon_id": "20869462",
      "name": "折叠箭头_Black备份@2x",
      "font_class": "zhediejiantou_Blackbeifen2x",
      "unicode": "e604",
      "unicode_decimal": 58884
    },
    {
      "icon_id": "986225",
      "name": "微博",
      "font_class": "weibo-copy",
      "unicode": "e65a",
      "unicode_decimal": 58970
    },
    {
      "icon_id": "986226",
      "name": "微信",
      "font_class": "weixin-copy",
      "unicode": "e65b",
      "unicode_decimal": 58971
    },
    {
      "icon_id": "4937004",
      "name": "QQ-circle-fill",
      "font_class": "QQ-circle-fill",
      "unicode": "e887",
      "unicode_decimal": 59527
    },
    {
      "icon_id": "6240885",
      "name": "验证码、密码",
      "font_class": "yanzhengmamima",
      "unicode": "e6ba",
      "unicode_decimal": 59066
    },
    {
      "icon_id": "579741",
      "name": "用户",
      "font_class": "yonghu",
      "unicode": "e788",
      "unicode_decimal": 59272
    },
    {
      "icon_id": "11372676",
      "name": "密码",
      "font_class": "mima",
      "unicode": "e8b2",
      "unicode_decimal": 59570
    }
  ]
}
