{
  "id": "3473891",
  "name": "WPF",
  "font_family": "iconfont",
  "css_prefix_text": "icon-",
  "description": "",
  "glyphs": [
    {
      "icon_id": "586914",
      "name": "help-o",
      "font_class": "helpo",
      "unicode": "e744",
      "unicode_decimal": 59204
    },
    {
      "icon_id": "629362",
      "name": "提示",
      "font_class": "tishi",
      "unicode": "e653",
      "unicode_decimal": 58963
    },
    {
      "icon_id": "1167186",
      "name": "提示",
      "font_class": "tishi1",
      "unicode": "e648",
      "unicode_decimal": 58952
    },
    {
      "icon_id": "4736213",
      "name": "警告",
      "font_class": "jinggao",
      "unicode": "e610",
      "unicode_decimal": 58896
    },
    {
      "icon_id": "5387593",
      "name": "箭头_右上",
      "font_class": "jiantou_youshang",
      "unicode": "eb0b",
      "unicode_decimal": 60171
    },
    {
      "icon_id": "5387600",
      "name": "箭头_左下",
      "font_class": "jiantou_zuoxia",
      "unicode": "eb0f",
      "unicode_decimal": 60175
    },
    {
      "icon_id": "10156169",
      "name": "警告",
      "font_class": "jinggao1",
      "unicode": "e625",
      "unicode_decimal": 58917
    },
    {
      "icon_id": "10392614",
      "name": "登录",
      "font_class": "denglu1",
      "unicode": "e607",
      "unicode_decimal": 58887
    },
    {
      "icon_id": "11839579",
      "name": "恢复",
      "font_class": "huifu",
      "unicode": "e65f",
      "unicode_decimal": 58975
    },
    {
      "icon_id": "1010127",
      "name": "登录",
      "font_class": "denglu",
      "unicode": "e622",
      "unicode_decimal": 58914
    },
    {
      "icon_id": "1117122",
      "name": "server",
      "font_class": "server",
      "unicode": "e64d",
      "unicode_decimal": 58957
    },
    {
      "icon_id": "1367302",
      "name": "ic_服务器登录",
      "font_class": "ic_fuwuqidenglu",
      "unicode": "e606",
      "unicode_decimal": 58886
    },
    {
      "icon_id": "4766900",
      "name": "cloud-server",
      "font_class": "cloud-server",
      "unicode": "e7d9",
      "unicode_decimal": 59353
    },
    {
      "icon_id": "7029941",
      "name": "弹出窗",
      "font_class": "danchuchuang",
      "unicode": "e630",
      "unicode_decimal": 58928
    },
    {
      "icon_id": "7119672",
      "name": "sqlserver",
      "font_class": "sqlserver",
      "unicode": "e664",
      "unicode_decimal": 58980
    },
    {
      "icon_id": "1243",
      "name": "撤销",
      "font_class": "chexiao",
      "unicode": "e603",
      "unicode_decimal": 58883
    },
    {
      "icon_id": "577338",
      "name": "更多",
      "font_class": "gengduo",
      "unicode": "e73a",
      "unicode_decimal": 59194
    },
    {
      "icon_id": "604646",
      "name": "刷新",
      "font_class": "shuaxin1",
      "unicode": "e62b",
      "unicode_decimal": 58923
    },
    {
      "icon_id": "687392",
      "name": "返回",
      "font_class": "fanhui",
      "unicode": "e6ff",
      "unicode_decimal": 59135
    },
    {
      "icon_id": "1305479",
      "name": "刷新",
      "font_class": "shuaxin2",
      "unicode": "e642",
      "unicode_decimal": 58946
    },
    {
      "icon_id": "1727447",
      "name": "216更多-竖向",
      "font_class": "gengduo-shuxiang",
      "unicode": "e8c4",
      "unicode_decimal": 59588
    },
    {
      "icon_id": "2076271",
      "name": "退出",
      "font_class": "tuichu",
      "unicode": "e892",
      "unicode_decimal": 59538
    },
    {
      "icon_id": "5387519",
      "name": "对号",
      "font_class": "duihao",
      "unicode": "eaf1",
      "unicode_decimal": 60145
    },
    {
      "icon_id": "5387527",
      "name": "加号",
      "font_class": "jiahao",
      "unicode": "eaf3",
      "unicode_decimal": 60147
    },
    {
      "icon_id": "5387532",
      "name": "减号",
      "font_class": "jianhao",
      "unicode": "eaf5",
      "unicode_decimal": 60149
    },
    {
      "icon_id": "6626202",
      "name": "退出",
      "font_class": "tuichu1",
      "unicode": "e620",
      "unicode_decimal": 58912
    },
    {
      "icon_id": "7160243",
      "name": "步骤",
      "font_class": "buzhou",
      "unicode": "e605",
      "unicode_decimal": 58885
    },
    {
      "icon_id": "8453559",
      "name": "返回",
      "font_class": "fanhui1",
      "unicode": "e621",
      "unicode_decimal": 58913
    },
    {
      "icon_id": "10357047",
      "name": "退出",
      "font_class": "tuichu2",
      "unicode": "e69e",
      "unicode_decimal": 59038
    },
    {
      "icon_id": "167445",
      "name": "new",
      "font_class": "new",
      "unicode": "e61d",
      "unicode_decimal": 58909
    },
    {
      "icon_id": "681182",
      "name": "new",
      "font_class": "new1",
      "unicode": "e743",
      "unicode_decimal": 59203
    },
    {
      "icon_id": "10792650",
      "name": "新建任务_新增新建操作_jurassic",
      "font_class": "jurassic_add-task",
      "unicode": "e6ef",
      "unicode_decimal": 59119
    },
    {
      "icon_id": "15628932",
      "name": "新建任务",
      "font_class": "xinjianrenwu",
      "unicode": "e697",
      "unicode_decimal": 59031
    },
    {
      "icon_id": "17413030",
      "name": "Tab New",
      "font_class": "TabNew",
      "unicode": "e723",
      "unicode_decimal": 59171
    },
    {
      "icon_id": "23897337",
      "name": "新建任务",
      "font_class": "xinjianrenwu1",
      "unicode": "e76d",
      "unicode_decimal": 59245
    },
    {
      "icon_id": "145479",
      "name": "添加",
      "font_class": "tianjia",
      "unicode": "e657",
      "unicode_decimal": 58967
    },
    {
      "icon_id": "201638",
      "name": "编辑",
      "font_class": "bianji",
      "unicode": "e600",
      "unicode_decimal": 58880
    },
    {
      "icon_id": "201646",
      "name": "3.1 设置",
      "font_class": "31shezhi",
      "unicode": "e601",
      "unicode_decimal": 58881
    },
    {
      "icon_id": "249476",
      "name": "编辑",
      "font_class": "bianji1",
      "unicode": "e602",
      "unicode_decimal": 58882
    },
    {
      "icon_id": "383686",
      "name": "实心",
      "font_class": "shixin",
      "unicode": "e635",
      "unicode_decimal": 58933
    },
    {
      "icon_id": "3538379",
      "name": "删除",
      "font_class": "shanchu",
      "unicode": "e718",
      "unicode_decimal": 59160
    },
    {
      "icon_id": "4942655",
      "name": "删除",
      "font_class": "shanchu1",
      "unicode": "e61a",
      "unicode_decimal": 58906
    },
    {
      "icon_id": "5387393",
      "name": "添加附件",
      "font_class": "tianjiafujian",
      "unicode": "eac4",
      "unicode_decimal": 60100
    },
    {
      "icon_id": "11036687",
      "name": "编辑表单@2x",
      "font_class": "bianjibiaodanx",
      "unicode": "e641",
      "unicode_decimal": 58945
    },
    {
      "icon_id": "8040222",
      "name": "ts-图标_kvm",
      "font_class": "ts-tubiao_kvm",
      "unicode": "e71e",
      "unicode_decimal": 59166
    },
    {
      "icon_id": "8312086",
      "name": "截图",
      "font_class": "jietu",
      "unicode": "e61f",
      "unicode_decimal": 58911
    },
    {
      "icon_id": "16852660",
      "name": "流程图",
      "font_class": "flowChart",
      "unicode": "e640",
      "unicode_decimal": 58944
    },
    {
      "icon_id": "1312448",
      "name": "icon_ram-memory",
      "font_class": "icon_ram-memory",
      "unicode": "e634",
      "unicode_decimal": 58932
    },
    {
      "icon_id": "8474229",
      "name": "cpu",
      "font_class": "cpu",
      "unicode": "e6b0",
      "unicode_decimal": 59056
    },
    {
      "icon_id": "655441",
      "name": "iconfont-zhishu",
      "font_class": "iconfontzhishu",
      "unicode": "e62a",
      "unicode_decimal": 58922
    },
    {
      "icon_id": "629357",
      "name": "搜索",
      "font_class": "sousuo",
      "unicode": "e651",
      "unicode_decimal": 58961
    },
    {
      "icon_id": "1299794",
      "name": "Maximize-1",
      "font_class": "3zuidahua-1",
      "unicode": "e65d",
      "unicode_decimal": 58973
    },
    {
      "icon_id": "4118038",
      "name": "关闭",
      "font_class": "guanbi1",
      "unicode": "eb6a",
      "unicode_decimal": 60266
    },
    {
      "icon_id": "6160694",
      "name": "最小化",
      "font_class": "zuixiaohua",
      "unicode": "e60e",
      "unicode_decimal": 58894
    },
    {
      "icon_id": "579551",
      "name": "刷新",
      "font_class": "shuaxin",
      "unicode": "e782",
      "unicode_decimal": 59266
    },
    {
      "icon_id": "1299763",
      "name": "Minimize-2",
      "font_class": "2zuixiaohua-2",
      "unicode": "e65c",
      "unicode_decimal": 58972
    },
    {
      "icon_id": "1306794",
      "name": "Maximize-3",
      "font_class": "3zuidahua-3",
      "unicode": "e692",
      "unicode_decimal": 59026
    },
    {
      "icon_id": "2674483",
      "name": "暂停",
      "font_class": "zanting",
      "unicode": "e629",
      "unicode_decimal": 58921
    },
    {
      "icon_id": "5387522",
      "name": "关闭",
      "font_class": "guanbi",
      "unicode": "eaf2",
      "unicode_decimal": 60146
    },
    {
      "icon_id": "5387615",
      "name": "选择器展开",
      "font_class": "xuanzeqizhankai",
      "unicode": "eb15",
      "unicode_decimal": 60181
    },
    {
      "icon_id": "7594045",
      "name": "24gl-pause",
      "font_class": "24gl-pause",
      "unicode": "ea6d",
      "unicode_decimal": 60013
    },
    {
      "icon_id": "7939948",
      "name": "继续播放",
      "font_class": "arrow-",
      "unicode": "e624",
      "unicode_decimal": 58916
    },
    {
      "icon_id": "17772904",
      "name": "继续共享",
      "font_class": "jixugongxiang",
      "unicode": "e631",
      "unicode_decimal": 58929
    },
    {
      "icon_id": "20869462",
      "name": "折叠箭头_Black备份@2x",
      "font_class": "zhediejiantou_Blackbeifen2x",
      "unicode": "e604",
      "unicode_decimal": 58884
    },
    {
      "icon_id": "986225",
      "name": "微博",
      "font_class": "weibo-copy",
      "unicode": "e65a",
      "unicode_decimal": 58970
    },
    {
      "icon_id": "986226",
      "name": "微信",
      "font_class": "weixin-copy",
      "unicode": "e65b",
      "unicode_decimal": 58971
    },
    {
      "icon_id": "4937004",
      "name": "QQ-circle-fill",
      "font_class": "QQ-circle-fill",
      "unicode": "e887",
      "unicode_decimal": 59527
    },
    {
      "icon_id": "6240885",
      "name": "验证码、密码",
      "font_class": "yanzhengmamima",
      "unicode": "e6ba",
      "unicode_decimal": 59066
    },
    {
      "icon_id": "579741",
      "name": "用户",
      "font_class": "yonghu",
      "unicode": "e788",
      "unicode_decimal": 59272
    },
    {
      "icon_id": "11372676",
      "name": "密码",
      "font_class": "mima",
      "unicode": "e8b2",
      "unicode_decimal": 59570
    }
  ]
}
