{
  "id": "",
  "name": "",
  "font_family": "iconfont",
  "css_prefix_text": "icon-",
  "description": "",
  "glyphs": [
    {
      "icon_id": "579551",
      "name": "刷新",
      "font_class": "shuaxin",
      "unicode": "e782",
      "unicode_decimal": 59266
    },
    {
      "icon_id": "2674483",
      "name": "暂停",
      "font_class": "zanting",
      "unicode": "e629",
      "unicode_decimal": 58921
    },
    {
      "icon_id": "7594045",
      "name": "24gl-pause",
      "font_class": "24gl-pause",
      "unicode": "ea6d",
      "unicode_decimal": 60013
    },
    {
      "icon_id": "7939948",
      "name": "继续播放",
      "font_class": "arrow-",
      "unicode": "e624",
      "unicode_decimal": 58916
    },
    {
      "icon_id": "17772904",
      "name": "继续共享",
      "font_class": "jixugongxiang",
      "unicode": "e631",
      "unicode_decimal": 58929
    }
  ]
}
