<?xml version='1.0' encoding='ISO-8859-1' ?>

<WebWorksHelpTOC version="3.0">
 <i l="rv_admlo.htm#wp822201" t="Figures" />
 <i l="rv_admla.htm#wp2206" t="Tables" />
 <i l="rv_admpr.htm#wp26682" t="Preface">
  <i l="rv_admp2.htm#wp32680" t="Manual Organization" />
  <i l="rv_admp3.htm#wp18992" t="Related Documentation">
   <i l="rv_admp3.htm#wp34836" t="TIBCO Product Documentation" />
  </i>
  <i l="rv_admp4.htm#wp12787" t="How to Contact TIBCO Customer Support" />
 </i>
 <i l="rv_adm.htm#wp1411605" t="1   Do This First-Administrator&#8217;s Checklist">
  <i l="rv_adm2.htm#wp1018733" t="Install the Rendezvous Software" />
  <i l="rv_adm3.htm#wp1018743" t="Install License Tickets" />
  <i l="rv_adm4.htm#wp1018768" t="Enable Access to Executable Binary Files">
   <i l="rv_adm4.htm#wp1018770" t="Microsoft Windows Platforms" />
   <i l="rv_adm4.htm#wp1018774" t="UNIX Platforms" />
   <i l="rv_adm4.htm#wp1030123" t="VMS Platforms" />
  </i>
  <i l="rv_adm5.htm#wp1018793" t="Add Service Entries">
   <i l="rv_adm5.htm#wp1028793" t="UNIX Platforms" />
   <i l="rv_adm5.htm#wp1028807" t="Microsoft Windows Platforms" />
   <i l="rv_adm5.htm#wp1028835" t="VMS Platforms" />
  </i>
  <i l="rv_adm6.htm#wp1059798" t="Enable Packet Checksums" />
  <i l="rv_adm7.htm#wp1047454" t="Arrange Internetwork Communications" />
  <i l="rv_adm8.htm#wp1064078" t="Register NT Services" />
  <i l="rv_adm9.htm#wp1326943" t="File Descriptor Limits" />
 </i>
 <i l="rv_adm10.htm#wp1018938" t="2   Licensing Information">
  <i l="rv_adm11.htm#wp1030877" t="Licensing Overview">
   <i l="rv_adm11.htm#wp1032670" t="License Ticket Types" />
  </i>
  <i l="rv_adm12.htm#wp1032672" t="License Ticket File">
   <i l="rv_adm12.htm#wp1032715" t="Ticket File Syntax" />
   <i l="rv_adm12.htm#wp1019058" t="Finding the License Ticket File" />
  </i>
  <i l="rv_adm13.htm#wp1032805" t="Purchasing License Tickets">
   <i l="rv_adm13.htm#wp1019097" t="Company and Contact Information" />
   <i l="rv_adm13.htm#wp1019108" t="License Information" />
  </i>
 </i>
 <i l="rv_adm14.htm#wp1019197" t="3   Network Details">
  <i l="rv_adm15.htm#wp1019210" t="Transport Parameters" />
  <i l="rv_adm16.htm#wp1019269" t="Service Selection">
   <i l="rv_adm16.htm#wp1019285" t="Interaction between Service and Network Parameters" />
   <i l="rv_adm16.htm#wp1288869" t="Specifying the UDP or PGM Service" />
  </i>
  <i l="rv_adm17.htm#wp1019316" t="Network Selection">
   <i l="rv_adm17.htm#wp1034613" t="Constructing the Network Parameter" />
   <i l="rv_adm17.htm#wp1034701" t="Multicast Addressing" />
   <i l="rv_adm17.htm#wp1019374" t="Limitation on Computers with Multiple Network Interfaces" />
  </i>
  <i l="rv_adm18.htm#wp1019451" t="Daemon Client Socket-Establishing Connections">
   <i l="rv_adm18.htm#wp1019489" t="Specifying a Local Daemon" />
   <i l="rv_adm18.htm#wp1019505" t="Remote Daemon" />
  </i>
  <i l="rv_adm19.htm#wp1063538" t="Default Port and Service Numbers">
   <i l="rv_adm19.htm#wp1465803" t="Browser Administration Interface" />
   <i l="rv_adm19.htm#wp1465872" t="Service Ports" />
   <i l="rv_adm19.htm#wp1287143" t="Listen Ports" />
  </i>
  <i l="rv_adm20.htm#wp1384542" t="Disabling Multicast" />
 </i>
 <i l="rv_adm21.htm#wp1020040" t="4   Rendezvous Daemon (rvd)">
  <i l="rv_adm22.htm#wp1020072" t="rvd" />
  <i l="rv_adm23.htm#wp1146262" t="Reliability and Message Retention Time" />
  <i l="rv_adm24.htm#wp1387828" t="Retransmission Control" />
  <i l="rv_adm25.htm#wp1497644" t="Log Destination">
   <i l="rv_adm25.htm#wp1387841" t="Log Rotation" />
   <i l="rv_adm25.htm#wp1510064" t="Log Rotation Backward Compatibility" />
   <i l="rv_adm25.htm#wp1387852" t="Current Log Page" />
  </i>
  <i l="rv_adm26.htm#wp1388036" t="Browser Administration Interface-rvd" />
  <i l="rv_adm27.htm#wp1149289" t="Navigation" />
  <i l="rv_adm28.htm#wp1146604" t="General Information" />
  <i l="rv_adm29.htm#wp1168965" t="Clients">
   <i l="rv_adm29.htm#wp1180383" t="Client Detail" />
   <i l="rv_adm29.htm#wp1521486" t="Subscription List" />
  </i>
  <i l="rv_adm30.htm#wp1523412" t="Services">
   <i l="rv_adm30.htm#wp1180898" t="Service Detail" />
   <i l="rv_adm30.htm#wp1261863" t="Hosts" />
  </i>
 </i>
 <i l="rv_adm31.htm#wp1372269" t="5   Routing Daemon (rvrd)">
  <i l="rv_adm32.htm#wp1034470" t="Routing Daemon Overview" />
  <i l="rv_adm33.htm#wp1020282" t="Concepts">
   <i l="rv_adm33.htm#wp1048254" t="Goal" />
   <i l="rv_adm33.htm#wp1048182" t="Connections" />
   <i l="rv_adm33.htm#wp1048302" t="Local Network" />
   <i l="rv_adm33.htm#wp1048352" t="Neighbor" />
   <i l="rv_adm33.htm#wp1052742" t="Route" />
  </i>
  <i l="rv_adm34.htm#wp1048099" t="Requirements">
   <i l="rv_adm34.htm#wp1052814" t="Routing Daemons" />
   <i l="rv_adm34.htm#wp1052820" t="Neighbor Connections" />
   <i l="rv_adm34.htm#wp1052903" t="Subject Gating" />
   <i l="rv_adm34.htm#wp1054549" t="Subject Interest" />
  </i>
  <i l="rv_adm35.htm#wp1054980" t="Restricting Message Flow">
   <i l="rv_adm35.htm#wp1054987" t="Restricting Messages by Service or Port" />
   <i l="rv_adm35.htm#wp1054994" t="Restricting Messages by Subject Name" />
  </i>
  <i l="rv_adm36.htm#wp1054609" t="rvrd Process">
   <i l="rv_adm36.htm#wp1045744" t="Initial State" />
   <i l="rv_adm36.htm#wp1053022" t="Administration File" />
   <i l="rv_adm36.htm#wp1057703" t="HTTP Administration Interface" />
   <i l="rv_adm36.htm#wp1053063" t="Logging" />
   <i l="rv_adm36.htm#wp1053156" t="Routing Table Entry" />
  </i>
  <i l="rv_adm37.htm#wp1053162" t="Routing Table Entry">
   <i l="rv_adm37.htm#wp1047911" t="Router Name" />
   <i l="rv_adm37.htm#wp1044318" t="Local Networks" />
   <i l="rv_adm37.htm#wp1044424" t="Neighbors" />
  </i>
  <i l="rv_adm38.htm#wp1047084" t="Local Network">
   <i l="rv_adm38.htm#wp1061805" t="Network and Service" />
   <i l="rv_adm38.htm#wp1055727" t="Local Network Name" />
   <i l="rv_adm38.htm#wp1044190" t="Subject Gating" />
   <i l="rv_adm38.htm#wp1046221" t="Subject Filtering with Wildcards" />
   <i l="rv_adm38.htm#wp1044565" t="Fixed Subject Interest" />
  </i>
  <i l="rv_adm39.htm#wp1035365" t="Neighbors">
   <i l="rv_adm39.htm#wp1061882" t="Neighbor Pairs" />
   <i l="rv_adm39.htm#wp1044394" t="Local Connection Information" />
   <i l="rv_adm39.htm#wp1229423" t="Remote Connection Information" />
   <i l="rv_adm39.htm#wp1066697" t="Network Administration" />
   <i l="rv_adm39.htm#wp1306782" t="Data Compression" />
  </i>
  <i l="rv_adm40.htm#wp1066666" t="Adding Neighbor Interfaces">
   <i l="rv_adm40.htm#wp1066900" t="Active Neighbor" />
   <i l="rv_adm40.htm#wp1044405" t="Passive Neighbor" />
   <i l="rv_adm40.htm#wp1066007" t="Accept Any as Neighbor" />
   <i l="rv_adm40.htm#wp1066854" t="Seek Neighbor with Any Name" />
  </i>
  <i l="rv_adm41.htm#wp1046197" t="Redundant Routing Daemons for Fault Tolerance">
   <i l="rv_adm41.htm#wp1174944" t="Load Balancing" />
  </i>
  <i l="rv_adm42.htm#wp1175151" t="Independent Routing Table Entries in One Process">
   <i l="rv_adm42.htm#wp1047668" t="Overlapping Subject Space" />
   <i l="rv_adm42.htm#wp1059978" t="Bandwidth Contention" />
   <i l="rv_adm42.htm#wp1055318" t="Defeating Independence" />
  </i>
  <i l="rv_adm43.htm#wp1085471" t="Common Topology Errors">
   <i l="rv_adm43.htm#wp1067317" t="Neighbors on the Same Network" />
   <i l="rv_adm43.htm#wp1020778" t="Duplicating Effort" />
  </i>
  <i l="rv_adm44.htm#wp1021559" t="Security and Firewalls">
   <i l="rv_adm44.htm#wp1053273" t="Neighbors Across a Firewall" />
  </i>
  <i l="rv_adm45.htm#wp1170453" t="Connecting PGM and TRDP Networks with Routing Daemons" />
  <i l="rv_adm46.htm#wp1435599" t="Border Routing">
   <i l="rv_adm46.htm#wp1435899" t="Advantages" />
   <i l="rv_adm46.htm#wp1435790" t="Concepts" />
   <i l="rv_adm46.htm#wp1444726" t="High-Fanout Second-Tier Networks" />
   <i l="rv_adm46.htm#wp1523819" t="Best Practice: Zone Stability in Second-Tier Networks" />
   <i l="rv_adm46.htm#wp1523832" t="Best Practice: Fault Tolerance in Second-Tier Networks" />
   <i l="rv_adm46.htm#wp1523817" t="Best Practice: Isolating Enterprise Zones in Second-Tier Networks" />
  </i>
  <i l="rv_adm47.htm#wp1447056" t="Backlog Protection" />
  <i l="rv_adm48.htm#wp1219586" t="Idle" />
  <i l="rv_adm49.htm#wp1068587" t="Routing Daemon Logging">
   <i l="rv_adm49.htm#wp1046022" t="Interpreting Log Output" />
  </i>
  <i l="rv_adm50.htm#wp1066458" t="rvrd" />
  <i l="rv_adm51.htm#wp1151056" t="Browser Administration Interface-rvrd" />
  <i l="rv_adm52.htm#wp1189471" t="Navigation" />
  <i l="rv_adm53.htm#wp1189539" t="General Information" />
  <i l="rv_adm54.htm#wp1191055" t="Local Networks" />
  <i l="rv_adm55.htm#wp1192016" t="Connected Neighbors">
   <i l="rv_adm55.htm#wp1311891" t="Router Connection Statistics" />
  </i>
  <i l="rv_adm56.htm#wp1192989" t="Daemon Parameters">
   <i l="rv_adm56.htm#wp1192999" t="Administrator and Password" />
   <i l="rv_adm56.htm#wp1381237" t="Logging" />
  </i>
  <i l="rv_adm57.htm#wp1194491" t="Routers">
   <i l="rv_adm57.htm#wp1448621" t="Border Routing" />
  </i>
  <i l="rv_adm58.htm#wp1448658" t="Local Network Interfaces Configuration" />
  <i l="rv_adm59.htm#wp1211323" t="Subject Gating" />
  <i l="rv_adm60.htm#wp1463972" t="Border Policy" />
  <i l="rv_adm61.htm#wp1209711" t="Neighbor Interfaces">
   <i l="rv_adm61.htm#wp1217343" t="Existing Neighbor Interfaces" />
   <i l="rv_adm61.htm#wp1219594" t="Add New Neighbor Interface" />
  </i>
  <i l="rv_adm62.htm#wp1229092" t="Certificates">
   <i l="rv_adm62.htm#wp1247097" t="Certificate Uses" />
   <i l="rv_adm62.htm#wp1247045" t="Certificate List" />
  </i>
 </i>
 <i l="rv_adm63.htm#wp1139429" t="6   Secure Daemons (rvsd and rvsrd)">
  <i l="rv_adm64.htm#wp1139946" t="Secure Daemon Overview">
   <i l="rv_adm64.htm#wp1143047" t="Secure Connections" />
   <i l="rv_adm64.htm#wp1142976" t="Restricting Access" />
   <i l="rv_adm64.htm#wp1143058" t="Plaintext Communication" />
  </i>
  <i l="rv_adm65.htm#wp1139972" t="Motivation">
   <i l="rv_adm65.htm#wp1143270" t="rvsd" />
   <i l="rv_adm65.htm#wp1143427" t="rvsrd" />
  </i>
  <i l="rv_adm66.htm#wp1366176" t="Users">
   <i l="rv_adm66.htm#wp1243356" t="Certificate Identification" />
   <i l="rv_adm66.htm#wp1144492" t="User Name and Password Identification" />
  </i>
  <i l="rv_adm67.htm#wp1144447" t="Limiting Access">
   <i l="rv_adm67.htm#wp1162302" t="Network and Service Authorization" />
   <i l="rv_adm67.htm#wp1141224" t="Subject Authorization" />
  </i>
  <i l="rv_adm68.htm#wp1304588" t="Security Factors">
   <i l="rv_adm68.htm#wp1304595" t="Store Files" />
   <i l="rv_adm68.htm#wp1304605" t="Core-Dump Files" />
   <i l="rv_adm68.htm#wp1271792" t="Daemon Certificates" />
   <i l="rv_adm68.htm#wp1271812" t="Passwords" />
  </i>
  <i l="rv_adm69.htm#wp1141828" t="Behavioral Differences">
   <i l="rv_adm69.htm#wp1164633" t="Automatic Start and Stop" />
   <i l="rv_adm69.htm#wp1167950" t="Subject Gating" />
   <i l="rv_adm69.htm#wp1152427" t="Default Network and Service" />
   <i l="rv_adm69.htm#wp1178992" t="Browser Connections" />
  </i>
  <i l="rv_adm70.htm#wp1142406" t="rvsd" />
  <i l="rv_adm71.htm#wp1178978" t="rvsrd" />
  <i l="rv_adm72.htm#wp1142416" t="Browser Administration Interface-rvsd and rvsrd" />
  <i l="rv_adm73.htm#wp1151102" t="Navigation" />
  <i l="rv_adm74.htm#wp1151200" t="General Information" />
  <i l="rv_adm75.htm#wp1152548" t="Daemon Parameters">
   <i l="rv_adm75.htm#wp1395816" t="Administrator and Password" />
   <i l="rv_adm75.htm#wp1155416" t="Default Network and Service" />
  </i>
  <i l="rv_adm76.htm#wp1155858" t="Users">
   <i l="rv_adm76.htm#wp1156542" t="Add a New User" />
   <i l="rv_adm76.htm#wp1156570" t="Existing Users" />
  </i>
  <i l="rv_adm77.htm#wp1159720" t="Authorize Network and Service Pairs" />
  <i l="rv_adm78.htm#wp1160129" t="Authorize Subjects" />
  <i l="rv_adm79.htm#wp1189145" t="Certificates">
   <i l="rv_adm79.htm#wp1248297" t="Certificate Uses" />
   <i l="rv_adm79.htm#wp1249136" t="Certificate List" />
  </i>
 </i>
 <i l="rv_adm80.htm#wp1024285" t="7   Relay Agent">
  <i l="rv_adm81.htm#wp1024297" t="rvrad" />
 </i>
 <i l="rv_adm82.htm#wp1054163" t="8   Rendezvous Agent (rva)">
  <i l="rv_adm83.htm#wp1054197" t="rva" />
  <i l="rv_adm84.htm#wp1054362" t="Web Site Considerations">
   <i l="rv_adm84.htm#wp1054373" t="Home Computer and Port" />
   <i l="rv_adm84.htm#wp1054400" t="Isolate External from Internal" />
  </i>
  <i l="rv_adm85.htm#wp1289029" t="HTTP Tunnel" />
 </i>
 <i l="rv_adm86.htm#wp1024412" t="9   Current Value Cache">
  <i l="rv_adm87.htm#wp1024432" t="Operation" />
  <i l="rv_adm88.htm#wp1024508" t="Resource Requirements" />
  <i l="rv_adm89.htm#wp1024516" t="Avoid Duplicates" />
  <i l="rv_adm90.htm#wp1024530" t="Ensure Continuous Service" />
  <i l="rv_adm91.htm#wp1024602" t="Crossing Network Boundaries" />
  <i l="rv_adm92.htm#wp1024692" t="Fault Tolerance">
   <i l="rv_adm92.htm#wp1024713" t="Usage" />
  </i>
  <i l="rv_adm93.htm#wp1024721" t="rvcache" />
 </i>
 <i l="rv_adm94.htm#wp1068799" t="10   Performance Assessment (rvperf)">
  <i l="rv_adm95.htm#wp1069656" t="Overview">
   <i l="rv_adm95.htm#wp1068840" t="Components" />
  </i>
  <i l="rv_adm96.htm#wp1068857" t="Principles of Operation">
   <i l="rv_adm96.htm#wp1068875" t="Listeners" />
  </i>
  <i l="rv_adm97.htm#wp1068880" t="Single Mode and Automatic Mode" />
  <i l="rv_adm98.htm#wp1068892" t="Automatic Mode-Binary Search" />
  <i l="rv_adm99.htm#wp1068903" t="Dataloss Advisory" />
  <i l="rv_ad100.htm#wp1281741" t="Multicast, Broadcast, Point-to-Point and Direct" />
  <i l="rv_ad101.htm#wp1068972" t="Before You Test">
   <i l="rv_ad101.htm#wp1071958" t="Test in an Insulated Environment" />
   <i l="rv_ad101.htm#wp1071968" t="rvd Reliability" />
  </i>
  <i l="rv_ad102.htm#wp1068989" t="rvperfm" />
  <i l="rv_ad103.htm#wp1069148" t="rvperfs" />
  <i l="rv_ad104.htm#wp1069245" t="Interpreting the Report">
   <i l="rv_ad104.htm#wp1069308" t="Certified Delivery Agreements" />
   <i l="rv_ad104.htm#wp1133435" t="Elapsed Time" />
  </i>
  <i l="rv_ad105.htm#wp1069338" t="Usage and Examples" />
  <i l="rv_ad106.htm#wp1069354" t="Hardware Capabilities">
   <i l="rv_ad106.htm#wp1069363" t="Optimal Sustained Receive Rate" />
   <i l="rv_ad106.htm#wp1520854" t="Fixed Receive Rate" />
  </i>
  <i l="rv_ad107.htm#wp1069423" t="Wide Area Networks" />
  <i l="rv_ad108.htm#wp1069445" t="Certified Message Delivery">
   <i l="rv_ad108.htm#wp1069451" t="Number of Certified Receivers" />
   <i l="rv_ad108.htm#wp1069455" t="Ledger" />
  </i>
  <i l="rv_ad109.htm#wp1069463" t="Very Large Messages" />
  <i l="rv_ad110.htm#wp1069479" t="Sufficiency and Effects" />
  <i l="rv_ad111.htm#wp1069495" t="Locating Performance Obstacles" />
 </i>
 <i l="rv_ad112.htm#wp1125835" t="11   Protocol Monitor (rvtrace)">
  <i l="rv_ad113.htm#wp1090857" t="Overview">
   <i l="rv_ad113.htm#wp1090866" t="Snapshots" />
   <i l="rv_ad113.htm#wp1406945" t="Prerequisites" />
   <i l="rv_ad113.htm#wp1120762" t="Licensing" />
  </i>
  <i l="rv_ad114.htm#wp1090877" t="Limitations">
   <i l="rv_ad114.htm#wp1090880" t="Range Limitations" />
   <i l="rv_ad114.htm#wp1090885" t="Protocol Limitation" />
   <i l="rv_ad114.htm#wp1265667" t="Interface Limitation" />
   <i l="rv_ad114.htm#wp1094057" t="Platform Support and Limitations" />
  </i>
  <i l="rv_ad115.htm#wp1091058" t="Passive Monitor">
   <i l="rv_ad115.htm#wp1091081" t="Performance Effects" />
  </i>
  <i l="rv_ad116.htm#wp1091084" t="The pcap Facility">
   <i l="rv_ad116.htm#wp1094092" t="Obtaining pcap" />
   <i l="rv_ad116.htm#wp1094074" t="Packet Filtering" />
  </i>
  <i l="rv_ad117.htm#wp1434690" t="Selecting the Network Interface" />
  <i l="rv_ad118.htm#wp1091103" t="Data Capture Files">
   <i l="rv_ad118.htm#wp1091105" t="Motivation" />
   <i l="rv_ad118.htm#wp1397622" t="Output File Rotation" />
  </i>
  <i l="rv_ad119.htm#wp1091125" t="rvtrace" />
  <i l="rv_ad120.htm#wp1091345" t="Filtering" />
  <i l="rv_ad121.htm#wp1096026" t="Interpreting the Report">
   <i l="rv_ad121.htm#wp1117556" t="General Network Load" />
   <i l="rv_ad121.htm#wp1117576" t="Number of Senders" />
   <i l="rv_ad121.htm#wp1117603" t="Scanning for Problems" />
   <i l="rv_ad121.htm#wp1426279" t="Bad Packets" />
  </i>
  <i l="rv_ad122.htm#wp1097600" t="Multicast Data Statistics">
   <i l="rv_ad122.htm#wp1117882" t="Gaps Diagnoses" />
  </i>
  <i l="rv_ad123.htm#wp1107281" t="Multicast Retransmit Statistics">
   <i l="rv_ad123.htm#wp1113215" t="Diagnoses" />
  </i>
  <i l="rv_ad124.htm#wp1107861" t="Point-to-Point Statistics">
   <i l="rv_ad124.htm#wp1114762" t="Nak Diagnoses" />
  </i>
  <i l="rv_ad125.htm#wp1097792" t="Subject Statistics">
   <i l="rv_ad125.htm#wp1121080" t="Subject Table Diagnoses" />
  </i>
  <i l="rv_ad126.htm#wp1400708" t="SNMP">
   <i l="rv_ad126.htm#wp1427495" t="SNMP Agent Configuration" />
  </i>
 </i>
 <i l="rv_ad127.htm#wp1024895" t="12   Perl 5 Interface">
  <i l="rv_ad128.htm#wp1047398" t="Features and Benefits" />
  <i l="rv_ad129.htm#wp1024935" t="Installing the Perl 5 Interface" />
  <i l="rv_ad130.htm#wp1025758" t="Using the Perl 5 Interface" />
  <i l="rv_ad131.htm#wp1047433" t="Perl Example Programs" />
 </i>
 <i l="rv_ad132.htm#wp1024967" t="13   Certified Message Delivery">
  <i l="rv_ad133.htm#wp1024969" t="Forward RVCM Administrative Messages across Network Boundaries" />
  <i l="rv_ad134.htm#wp1175374" t="Ledger File Location" />
 </i>
 <i l="rv_ad135.htm#wp1025010" t="14   Fault Tolerance">
  <i l="rv_ad136.htm#wp1031392" t="Network Placement" />
  <i l="rv_ad137.htm#wp1025025" t="Forward Fault Tolerance Messages across Network Boundaries" />
 </i>
 <i l="rv_ad138.htm#wp1025081" t="15   Distributed Queues">
  <i l="rv_ad139.htm#wp1025082" t="Forward Administrative Messages across Network Boundaries" />
 </i>
 <i l="rv_ad140.htm#wp1071184" t=" A   Windows Services">
  <i l="rv_ad141.htm#wp1071188" t="rvntscfg" />
  <i l="rv_ad142.htm#wp1071236" t="rvntsreg" />
 </i>
 <i l="rv_ad143.htm#wp1072206" t=" B   Changes in Release 6" />
</WebWorksHelpTOC>
