{
  "id": "",
  "name": "",
  "font_family": "iconfont",
  "css_prefix_text": "icon-",
  "description": "",
  "glyphs": [
    {
      "icon_id": "14046415",
      "name": "实心星星",
      "font_class": "shixinxingxing",
      "unicode": "e609",
      "unicode_decimal": 58889
    },
    {
      "icon_id": "25930485",
      "name": "包子",
      "font_class": "baozi",
      "unicode": "e853",
      "unicode_decimal": 59475
    },
    {
      "icon_id": "25930486",
      "name": "冰淇淋",
      "font_class": "bingqilin",
      "unicode": "e854",
      "unicode_decimal": 59476
    },
    {
      "icon_id": "25930487",
      "name": "饼干",
      "font_class": "binggan",
      "unicode": "e855",
      "unicode_decimal": 59477
    },
    {
      "icon_id": "25930488",
      "name": "杯子蛋糕",
      "font_class": "beizidangao",
      "unicode": "e856",
      "unicode_decimal": 59478
    },
    {
      "icon_id": "25930489",
      "name": "草莓",
      "font_class": "caomei",
      "unicode": "e857",
      "unicode_decimal": 59479
    }
  ]
}
